,Accuracy,Precision,Recall,F1 Score
baseline,0.4698703279938978,0.4683084749604378,0.4698703279938978,0.4635669509975083
Neural Network,0.8520213577421816,0.850317486655664,0.8520213577421816,0.846736447406065
Neural Network: regularization,0.8245614035087719,0.8200834793533461,0.8245614035087719,0.8186455106705496
