,Accuracy,Precision,Recall,F1 Score
baseline,0.4698703279938978,0.4683084749604378,0.4698703279938978,0.4635669509975083
Neural Network: No regularization,0.8779557589626239,0.875790866125634,0.8779557589626239,0.8729339270233065
Neural Network: With Regularization,0.8527841342486652,0.849915756851124,0.8527841342486652,0.8447039064139434
