,Accuracy,Precision,Recall,F1 Score
baseline,0.4698703279938978,0.4683084749604378,0.4698703279938978,0.4635669509975083
Neural Network: No regularization,0.8871090770404272,0.8865742251752347,0.8871090770404272,0.8822743140636549
Neural Network: With Regularization,0.8565980167810832,0.8544444062871545,0.8565980167810832,0.8488967210076771
